Cluster,Nome do Arquivo
2,0.4329144
0,../base/different-singer\Audio_1.mp3
1,../base/different-singer\Audio_10.mp3
1,../base/different-singer\Audio_2.mp3
1,../base/different-singer\Audio_3.mp3
1,../base/different-singer\Audio_4.mp3
1,../base/different-singer\Audio_5.mp3
1,../base/different-singer\Audio_6.mp3
1,../base/different-singer\Audio_7.mp3
1,../base/different-singer\Audio_8.mp3
1,../base/different-singer\Audio_9.mp3
0,.TCC_teclado_A10_A.mp3
0,.TCC_teclado_A1_C.mp3
0,.TCC_teclado_A2_C.mp3
0,.TCC_teclado_A3_C.mp3
0,.TCC_teclado_A4_A.mp3
0,.TCC_teclado_A5_E.mp3
0,.TCC_teclado_A6_E.mp3
0,.TCC_teclado_A7_E.mp3
0,.TCC_teclado_A8_A.mp3
0,.TCC_teclado_A9_A.mp3
1,.TCC_ukulele_A10_E.mp3
1,.TCC_ukulele_A1_C.mp3
1,.TCC_ukulele_A2_C.mp3
1,.TCC_ukulele_A3_C.mp3
1,.TCC_ukulele_A4_C.mp3
1,.TCC_ukulele_A5_A.mp3
1,.TCC_ukulele_A6_A.mp3
1,.TCC_ukulele_A7_A.mp3
1,.TCC_ukulele_A8_E.mp3
1,.TCC_ukulele_A9_E.mp3
0,.TCC_violao_A10_C.mp3
0,.TCC_violao_A1_C.mp3
0,.TCC_violao_A2_A.mp3
0,.TCC_violao_A3_A.mp3
0,.TCC_violao_A4_C.mp3
0,.TCC_violao_A5_C.mp3
0,.TCC_violao_A6_E.mp3
0,.TCC_violao_A7_E.mp3
0,.TCC_violao_A8_E.mp3
0,.TCC_violao_A9_A.mp3
Cluster,Nome do Arquivo
3,0.42623368
1,../base/different-singer\Audio_1.mp3
2,../base/different-singer\Audio_10.mp3
1,../base/different-singer\Audio_2.mp3
2,../base/different-singer\Audio_3.mp3
2,../base/different-singer\Audio_4.mp3
2,../base/different-singer\Audio_5.mp3
2,../base/different-singer\Audio_6.mp3
2,../base/different-singer\Audio_7.mp3
2,../base/different-singer\Audio_8.mp3
2,../base/different-singer\Audio_9.mp3
0,.TCC_teclado_A10_A.mp3
0,.TCC_teclado_A1_C.mp3
0,.TCC_teclado_A2_C.mp3
0,.TCC_teclado_A3_C.mp3
0,.TCC_teclado_A4_A.mp3
0,.TCC_teclado_A5_E.mp3
0,.TCC_teclado_A6_E.mp3
0,.TCC_teclado_A7_E.mp3
0,.TCC_teclado_A8_A.mp3
0,.TCC_teclado_A9_A.mp3
2,.TCC_ukulele_A10_E.mp3
2,.TCC_ukulele_A1_C.mp3
2,.TCC_ukulele_A2_C.mp3
2,.TCC_ukulele_A3_C.mp3
2,.TCC_ukulele_A4_C.mp3
2,.TCC_ukulele_A5_A.mp3
2,.TCC_ukulele_A6_A.mp3
2,.TCC_ukulele_A7_A.mp3
2,.TCC_ukulele_A8_E.mp3
2,.TCC_ukulele_A9_E.mp3
1,.TCC_violao_A10_C.mp3
1,.TCC_violao_A1_C.mp3
1,.TCC_violao_A2_A.mp3
1,.TCC_violao_A3_A.mp3
1,.TCC_violao_A4_C.mp3
1,.TCC_violao_A5_C.mp3
1,.TCC_violao_A6_E.mp3
1,.TCC_violao_A7_E.mp3
1,.TCC_violao_A8_E.mp3
1,.TCC_violao_A9_A.mp3
Cluster,Nome do Arquivo
4,0.4240346
0,../base/different-singer\Audio_1.mp3
3,../base/different-singer\Audio_10.mp3
0,../base/different-singer\Audio_2.mp3
3,../base/different-singer\Audio_3.mp3
3,../base/different-singer\Audio_4.mp3
3,../base/different-singer\Audio_5.mp3
3,../base/different-singer\Audio_6.mp3
3,../base/different-singer\Audio_7.mp3
3,../base/different-singer\Audio_8.mp3
3,../base/different-singer\Audio_9.mp3
2,.TCC_teclado_A10_A.mp3
2,.TCC_teclado_A1_C.mp3
2,.TCC_teclado_A2_C.mp3
2,.TCC_teclado_A3_C.mp3
2,.TCC_teclado_A4_A.mp3
2,.TCC_teclado_A5_E.mp3
2,.TCC_teclado_A6_E.mp3
2,.TCC_teclado_A7_E.mp3
2,.TCC_teclado_A8_A.mp3
2,.TCC_teclado_A9_A.mp3
1,.TCC_ukulele_A10_E.mp3
1,.TCC_ukulele_A1_C.mp3
1,.TCC_ukulele_A2_C.mp3
1,.TCC_ukulele_A3_C.mp3
1,.TCC_ukulele_A4_C.mp3
1,.TCC_ukulele_A5_A.mp3
1,.TCC_ukulele_A6_A.mp3
1,.TCC_ukulele_A7_A.mp3
1,.TCC_ukulele_A8_E.mp3
1,.TCC_ukulele_A9_E.mp3
0,.TCC_violao_A10_C.mp3
0,.TCC_violao_A1_C.mp3
0,.TCC_violao_A2_A.mp3
0,.TCC_violao_A3_A.mp3
0,.TCC_violao_A4_C.mp3
0,.TCC_violao_A5_C.mp3
0,.TCC_violao_A6_E.mp3
0,.TCC_violao_A7_E.mp3
0,.TCC_violao_A8_E.mp3
0,.TCC_violao_A9_A.mp3
Cluster,Nome do Arquivo
5,0.4411657
0,../base/different-singer\Audio_1.mp3
4,../base/different-singer\Audio_10.mp3
0,../base/different-singer\Audio_2.mp3
4,../base/different-singer\Audio_3.mp3
4,../base/different-singer\Audio_4.mp3
4,../base/different-singer\Audio_5.mp3
4,../base/different-singer\Audio_6.mp3
4,../base/different-singer\Audio_7.mp3
4,../base/different-singer\Audio_8.mp3
4,../base/different-singer\Audio_9.mp3
1,.TCC_teclado_A10_A.mp3
1,.TCC_teclado_A1_C.mp3
1,.TCC_teclado_A2_C.mp3
1,.TCC_teclado_A3_C.mp3
1,.TCC_teclado_A4_A.mp3
1,.TCC_teclado_A5_E.mp3
1,.TCC_teclado_A6_E.mp3
1,.TCC_teclado_A7_E.mp3
1,.TCC_teclado_A8_A.mp3
1,.TCC_teclado_A9_A.mp3
3,.TCC_ukulele_A10_E.mp3
2,.TCC_ukulele_A1_C.mp3
2,.TCC_ukulele_A2_C.mp3
2,.TCC_ukulele_A3_C.mp3
3,.TCC_ukulele_A4_C.mp3
2,.TCC_ukulele_A5_A.mp3
3,.TCC_ukulele_A6_A.mp3
3,.TCC_ukulele_A7_A.mp3
2,.TCC_ukulele_A8_E.mp3
2,.TCC_ukulele_A9_E.mp3
0,.TCC_violao_A10_C.mp3
0,.TCC_violao_A1_C.mp3
0,.TCC_violao_A2_A.mp3
0,.TCC_violao_A3_A.mp3
0,.TCC_violao_A4_C.mp3
0,.TCC_violao_A5_C.mp3
0,.TCC_violao_A6_E.mp3
0,.TCC_violao_A7_E.mp3
0,.TCC_violao_A8_E.mp3
0,.TCC_violao_A9_A.mp3
Cluster,Nome do Arquivo
6,0.42495593
4,../base/different-singer\Audio_1.mp3
0,../base/different-singer\Audio_10.mp3
4,../base/different-singer\Audio_2.mp3
0,../base/different-singer\Audio_3.mp3
0,../base/different-singer\Audio_4.mp3
0,../base/different-singer\Audio_5.mp3
0,../base/different-singer\Audio_6.mp3
0,../base/different-singer\Audio_7.mp3
0,../base/different-singer\Audio_8.mp3
0,../base/different-singer\Audio_9.mp3
3,.TCC_teclado_A10_A.mp3
3,.TCC_teclado_A1_C.mp3
3,.TCC_teclado_A2_C.mp3
3,.TCC_teclado_A3_C.mp3
3,.TCC_teclado_A4_A.mp3
1,.TCC_teclado_A5_E.mp3
1,.TCC_teclado_A6_E.mp3
3,.TCC_teclado_A7_E.mp3
1,.TCC_teclado_A8_A.mp3
1,.TCC_teclado_A9_A.mp3
5,.TCC_ukulele_A10_E.mp3
2,.TCC_ukulele_A1_C.mp3
2,.TCC_ukulele_A2_C.mp3
2,.TCC_ukulele_A3_C.mp3
5,.TCC_ukulele_A4_C.mp3
2,.TCC_ukulele_A5_A.mp3
5,.TCC_ukulele_A6_A.mp3
5,.TCC_ukulele_A7_A.mp3
2,.TCC_ukulele_A8_E.mp3
2,.TCC_ukulele_A9_E.mp3
4,.TCC_violao_A10_C.mp3
4,.TCC_violao_A1_C.mp3
4,.TCC_violao_A2_A.mp3
4,.TCC_violao_A3_A.mp3
4,.TCC_violao_A4_C.mp3
4,.TCC_violao_A5_C.mp3
4,.TCC_violao_A6_E.mp3
4,.TCC_violao_A7_E.mp3
4,.TCC_violao_A8_E.mp3
4,.TCC_violao_A9_A.mp3
Cluster,Nome do Arquivo
7,0.39577967
0,../base/different-singer\Audio_1.mp3
6,../base/different-singer\Audio_10.mp3
0,../base/different-singer\Audio_2.mp3
6,../base/different-singer\Audio_3.mp3
6,../base/different-singer\Audio_4.mp3
6,../base/different-singer\Audio_5.mp3
6,../base/different-singer\Audio_6.mp3
6,../base/different-singer\Audio_7.mp3
6,../base/different-singer\Audio_8.mp3
6,../base/different-singer\Audio_9.mp3
3,.TCC_teclado_A10_A.mp3
3,.TCC_teclado_A1_C.mp3
3,.TCC_teclado_A2_C.mp3
3,.TCC_teclado_A3_C.mp3
3,.TCC_teclado_A4_A.mp3
1,.TCC_teclado_A5_E.mp3
1,.TCC_teclado_A6_E.mp3
3,.TCC_teclado_A7_E.mp3
1,.TCC_teclado_A8_A.mp3
1,.TCC_teclado_A9_A.mp3
5,.TCC_ukulele_A10_E.mp3
2,.TCC_ukulele_A1_C.mp3
2,.TCC_ukulele_A2_C.mp3
2,.TCC_ukulele_A3_C.mp3
5,.TCC_ukulele_A4_C.mp3
2,.TCC_ukulele_A5_A.mp3
5,.TCC_ukulele_A6_A.mp3
5,.TCC_ukulele_A7_A.mp3
2,.TCC_ukulele_A8_E.mp3
2,.TCC_ukulele_A9_E.mp3
4,.TCC_violao_A10_C.mp3
4,.TCC_violao_A1_C.mp3
4,.TCC_violao_A2_A.mp3
4,.TCC_violao_A3_A.mp3
4,.TCC_violao_A4_C.mp3
4,.TCC_violao_A5_C.mp3
4,.TCC_violao_A6_E.mp3
4,.TCC_violao_A7_E.mp3
4,.TCC_violao_A8_E.mp3
4,.TCC_violao_A9_A.mp3
Cluster,Nome do Arquivo
8,0.39108524
2,../base/different-singer\Audio_1.mp3
6,../base/different-singer\Audio_10.mp3
2,../base/different-singer\Audio_2.mp3
6,../base/different-singer\Audio_3.mp3
6,../base/different-singer\Audio_4.mp3
6,../base/different-singer\Audio_5.mp3
6,../base/different-singer\Audio_6.mp3
6,../base/different-singer\Audio_7.mp3
6,../base/different-singer\Audio_8.mp3
6,../base/different-singer\Audio_9.mp3
5,.TCC_teclado_A10_A.mp3
5,.TCC_teclado_A1_C.mp3
5,.TCC_teclado_A2_C.mp3
5,.TCC_teclado_A3_C.mp3
5,.TCC_teclado_A4_A.mp3
0,.TCC_teclado_A5_E.mp3
0,.TCC_teclado_A6_E.mp3
5,.TCC_teclado_A7_E.mp3
0,.TCC_teclado_A8_A.mp3
0,.TCC_teclado_A9_A.mp3
7,.TCC_ukulele_A10_E.mp3
4,.TCC_ukulele_A1_C.mp3
4,.TCC_ukulele_A2_C.mp3
4,.TCC_ukulele_A3_C.mp3
7,.TCC_ukulele_A4_C.mp3
4,.TCC_ukulele_A5_A.mp3
7,.TCC_ukulele_A6_A.mp3
7,.TCC_ukulele_A7_A.mp3
4,.TCC_ukulele_A8_E.mp3
4,.TCC_ukulele_A9_E.mp3
1,.TCC_violao_A10_C.mp3
3,.TCC_violao_A1_C.mp3
3,.TCC_violao_A2_A.mp3
1,.TCC_violao_A3_A.mp3
1,.TCC_violao_A4_C.mp3
1,.TCC_violao_A5_C.mp3
1,.TCC_violao_A6_E.mp3
1,.TCC_violao_A7_E.mp3
3,.TCC_violao_A8_E.mp3
3,.TCC_violao_A9_A.mp3
Cluster,Nome do Arquivo
9,0.34547034
2,../base/different-singer\Audio_1.mp3
4,../base/different-singer\Audio_10.mp3
2,../base/different-singer\Audio_2.mp3
4,../base/different-singer\Audio_3.mp3
4,../base/different-singer\Audio_4.mp3
4,../base/different-singer\Audio_5.mp3
4,../base/different-singer\Audio_6.mp3
4,../base/different-singer\Audio_7.mp3
4,../base/different-singer\Audio_8.mp3
4,../base/different-singer\Audio_9.mp3
1,.TCC_teclado_A10_A.mp3
1,.TCC_teclado_A1_C.mp3
1,.TCC_teclado_A2_C.mp3
1,.TCC_teclado_A3_C.mp3
1,.TCC_teclado_A4_A.mp3
6,.TCC_teclado_A5_E.mp3
6,.TCC_teclado_A6_E.mp3
1,.TCC_teclado_A7_E.mp3
6,.TCC_teclado_A8_A.mp3
6,.TCC_teclado_A9_A.mp3
0,.TCC_ukulele_A10_E.mp3
7,.TCC_ukulele_A1_C.mp3
7,.TCC_ukulele_A2_C.mp3
7,.TCC_ukulele_A3_C.mp3
3,.TCC_ukulele_A4_C.mp3
7,.TCC_ukulele_A5_A.mp3
0,.TCC_ukulele_A6_A.mp3
0,.TCC_ukulele_A7_A.mp3
7,.TCC_ukulele_A8_E.mp3
7,.TCC_ukulele_A9_E.mp3
5,.TCC_violao_A10_C.mp3
2,.TCC_violao_A1_C.mp3
8,.TCC_violao_A2_A.mp3
5,.TCC_violao_A3_A.mp3
5,.TCC_violao_A4_C.mp3
5,.TCC_violao_A5_C.mp3
5,.TCC_violao_A6_E.mp3
5,.TCC_violao_A7_E.mp3
8,.TCC_violao_A8_E.mp3
2,.TCC_violao_A9_A.mp3
Cluster,Nome do Arquivo
10,0.3206132
4,../base/different-singer\Audio_1.mp3
3,../base/different-singer\Audio_10.mp3
4,../base/different-singer\Audio_2.mp3
3,../base/different-singer\Audio_3.mp3
3,../base/different-singer\Audio_4.mp3
3,../base/different-singer\Audio_5.mp3
3,../base/different-singer\Audio_6.mp3
3,../base/different-singer\Audio_7.mp3
3,../base/different-singer\Audio_8.mp3
3,../base/different-singer\Audio_9.mp3
7,.TCC_teclado_A10_A.mp3
7,.TCC_teclado_A1_C.mp3
7,.TCC_teclado_A2_C.mp3
7,.TCC_teclado_A3_C.mp3
7,.TCC_teclado_A4_A.mp3
5,.TCC_teclado_A5_E.mp3
5,.TCC_teclado_A6_E.mp3
7,.TCC_teclado_A7_E.mp3
5,.TCC_teclado_A8_A.mp3
5,.TCC_teclado_A9_A.mp3
6,.TCC_ukulele_A10_E.mp3
1,.TCC_ukulele_A1_C.mp3
0,.TCC_ukulele_A2_C.mp3
1,.TCC_ukulele_A3_C.mp3
9,.TCC_ukulele_A4_C.mp3
0,.TCC_ukulele_A5_A.mp3
6,.TCC_ukulele_A6_A.mp3
6,.TCC_ukulele_A7_A.mp3
1,.TCC_ukulele_A8_E.mp3
1,.TCC_ukulele_A9_E.mp3
8,.TCC_violao_A10_C.mp3
8,.TCC_violao_A1_C.mp3
8,.TCC_violao_A2_A.mp3
8,.TCC_violao_A3_A.mp3
2,.TCC_violao_A4_C.mp3
2,.TCC_violao_A5_C.mp3
2,.TCC_violao_A6_E.mp3
2,.TCC_violao_A7_E.mp3
8,.TCC_violao_A8_E.mp3
8,.TCC_violao_A9_A.mp3
Cluster,Nome do Arquivo
11,0.3252149
0,../base/different-singer\Audio_1.mp3
6,../base/different-singer\Audio_10.mp3
0,../base/different-singer\Audio_2.mp3
6,../base/different-singer\Audio_3.mp3
6,../base/different-singer\Audio_4.mp3
6,../base/different-singer\Audio_5.mp3
6,../base/different-singer\Audio_6.mp3
6,../base/different-singer\Audio_7.mp3
6,../base/different-singer\Audio_8.mp3
6,../base/different-singer\Audio_9.mp3
3,.TCC_teclado_A10_A.mp3
3,.TCC_teclado_A1_C.mp3
3,.TCC_teclado_A2_C.mp3
3,.TCC_teclado_A3_C.mp3
3,.TCC_teclado_A4_A.mp3
1,.TCC_teclado_A5_E.mp3
1,.TCC_teclado_A6_E.mp3
3,.TCC_teclado_A7_E.mp3
1,.TCC_teclado_A8_A.mp3
1,.TCC_teclado_A9_A.mp3
2,.TCC_ukulele_A10_E.mp3
8,.TCC_ukulele_A1_C.mp3
8,.TCC_ukulele_A2_C.mp3
8,.TCC_ukulele_A3_C.mp3
5,.TCC_ukulele_A4_C.mp3
8,.TCC_ukulele_A5_A.mp3
2,.TCC_ukulele_A6_A.mp3
2,.TCC_ukulele_A7_A.mp3
8,.TCC_ukulele_A8_E.mp3
8,.TCC_ukulele_A9_E.mp3
10,.TCC_violao_A10_C.mp3
4,.TCC_violao_A1_C.mp3
9,.TCC_violao_A2_A.mp3
7,.TCC_violao_A3_A.mp3
10,.TCC_violao_A4_C.mp3
7,.TCC_violao_A5_C.mp3
10,.TCC_violao_A6_E.mp3
7,.TCC_violao_A7_E.mp3
9,.TCC_violao_A8_E.mp3
4,.TCC_violao_A9_A.mp3
Cluster,Nome do Arquivo
12,0.3277161
10,../base/different-singer\Audio_1.mp3
9,../base/different-singer\Audio_10.mp3
10,../base/different-singer\Audio_2.mp3
9,../base/different-singer\Audio_3.mp3
9,../base/different-singer\Audio_4.mp3
9,../base/different-singer\Audio_5.mp3
9,../base/different-singer\Audio_6.mp3
9,../base/different-singer\Audio_7.mp3
9,../base/different-singer\Audio_8.mp3
9,../base/different-singer\Audio_9.mp3
2,.TCC_teclado_A10_A.mp3
11,.TCC_teclado_A1_C.mp3
11,.TCC_teclado_A2_C.mp3
11,.TCC_teclado_A3_C.mp3
11,.TCC_teclado_A4_A.mp3
0,.TCC_teclado_A5_E.mp3
1,.TCC_teclado_A6_E.mp3
0,.TCC_teclado_A7_E.mp3
1,.TCC_teclado_A8_A.mp3
1,.TCC_teclado_A9_A.mp3
5,.TCC_ukulele_A10_E.mp3
3,.TCC_ukulele_A1_C.mp3
6,.TCC_ukulele_A2_C.mp3
3,.TCC_ukulele_A3_C.mp3
5,.TCC_ukulele_A4_C.mp3
6,.TCC_ukulele_A5_A.mp3
5,.TCC_ukulele_A6_A.mp3
5,.TCC_ukulele_A7_A.mp3
7,.TCC_ukulele_A8_E.mp3
7,.TCC_ukulele_A9_E.mp3
8,.TCC_violao_A10_C.mp3
4,.TCC_violao_A1_C.mp3
4,.TCC_violao_A2_A.mp3
8,.TCC_violao_A3_A.mp3
8,.TCC_violao_A4_C.mp3
8,.TCC_violao_A5_C.mp3
8,.TCC_violao_A6_E.mp3
8,.TCC_violao_A7_E.mp3
4,.TCC_violao_A8_E.mp3
4,.TCC_violao_A9_A.mp3
